环境维度,环境分类,风格因子,周数,风格年化收益,沪深300年化收益,年化超额收益,累计相对超额收益,信息比率,胜率,风格最大回撤,相对最大回撤
市场状态,熊市,价值,375,-0.29543845027376925,-0.3525128463011097,0.0813168427768358,0.8389729996763875,0.8950254300757742,0.56,-0.915878163963481,-0.11682805133867846
市场状态,熊市,成长,375,-0.38046029263805503,-0.3525128463011097,-0.04114848915830407,-0.2725344568415554,-0.6724226010649289,0.4613333333333333,-0.963750810990024,-0.3383216322653424
市场状态,熊市,红利,375,-0.30770940998033924,-0.3525128463011097,0.0719587755838542,0.6201216878552649,0.7016253102100424,0.5466666666666666,-0.9245435833959876,-0.11941282551482102
市场状态,熊市,低波,375,-0.2762043550579767,-0.3525128463011097,0.10208916464336526,1.2332066545494778,1.5400793931340082,0.584,-0.8994775404378351,-0.08284294037731965
市场状态,熊市,质量,375,-0.35292817037435187,-0.3525128463011097,0.023368340323295655,-0.004616563237641702,0.13420148663718845,0.5333333333333333,-0.9552789135778939,-0.3659618761536544
市场状态,熊市,规模,375,-0.3883609901870546,-0.3525128463011097,-0.035775551556651845,-0.33684426396764355,-0.23273344615349453,0.5093333333333333,-0.9696673121402958,-0.4427815659553863
市场状态,熊市,动量,375,-0.3682412597157988,-0.3525128463011097,-0.01653383803216894,-0.1625063750505752,-0.18201124925549444,0.5093333333333333,-0.9620086726198974,-0.2741793213657421
市场状态,牛市,价值,541,0.5549438277247738,0.6205731946452386,-0.04240125560726271,-0.3495560111168887,-0.4680626855935387,0.4584103512014787,-0.25262622154979264,-0.407848642518693
市场状态,牛市,成长,541,0.6903594618424929,0.6205731946452386,0.04617749124445185,0.5505963951899477,0.727346835662082,0.5304990757855823,-0.2515380085139868,-0.1432902883903555
市场状态,牛市,红利,541,0.5892288896336242,0.6205731946452386,-0.01762817583987893,-0.18388286290570155,-0.15221438846795715,0.4953789279112754,-0.2690044792862847,-0.3597698707999474
市场状态,牛市,低波,541,0.5412265167184029,0.6205731946452386,-0.05363265153020919,-0.4068377729975414,-0.6924890579460474,0.43807763401109057,-0.20844529649424492,-0.4332444141227877
市场状态,牛市,质量,541,0.7056485566971649,0.6205731946452386,0.0628538744009045,0.702875216325545,0.3834316681930705,0.5434380776340111,-0.21507415726370527,-0.42942875556583204
市场状态,牛市,规模,541,0.725831793969353,0.6205731946452386,0.07399954442656852,0.9245765243690443,0.5073784086272721,0.5508317929759704,-0.20258964099463028,-0.3757923367324987
市场状态,牛市,动量,541,0.6717391208475927,0.6205731946452386,0.03489430116583647,0.3818166122946276,0.4050317416053045,0.5508317929759704,-0.2507406687036885,-0.1964918847552325
市场状态,震荡市,价值,177,-0.08699250655315771,-0.038344879481721716,-0.05060008155703017,-0.16196864798652477,-0.8013320025003418,0.3954802259887006,-0.3798962216017914,-0.19002091117964037
市场状态,震荡市,成长,177,-0.026733695057225226,-0.038344879481721716,0.014206532227354187,0.041698412570678745,0.32043900924385216,0.536723163841808,-0.3471312391202931,-0.049241272447255846
市场状态,震荡市,红利,177,-0.08013514918576703,-0.038344879481721716,-0.04281894545138257,-0.14034996545176237,-0.7871262865998747,0.4406779661016949,-0.40049551965731933,-0.18060754340377183
市场状态,震荡市,低波,177,-0.037122275638614144,-0.038344879481721716,-0.0036246507259163475,0.004334109213710358,-0.07226226184663004,0.5084745762711864,-0.2618140700323498,-0.10947625866887123
市场状态,震荡市,质量,177,0.09310665155446518,-0.038344879481721716,0.13432956148382225,0.546681366276283,1.0486491056924854,0.6101694915254238,-0.27891435258499386,-0.17531909101891108
市场状态,震荡市,规模,177,0.09470732737154552,-0.038344879481721716,0.13651075804770663,0.5544041849973791,1.0999798516859831,0.5932203389830508,-0.29529915223083003,-0.1820191198629756
市场状态,震荡市,动量,177,-0.003682057864563104,-0.038344879481721716,0.03816718544345943,0.12809688085988036,0.5298111238513784,0.5536723163841808,-0.3515836011931234,-0.09385348826119166
历史阶段,低位修复震荡,价值,77,0.004566402477692133,-0.005320081772647867,0.01213399878987734,0.01475300689433423,0.21254104562102877,0.42857142857142855,-0.29018587291893594,-0.08235916681142752
历史阶段,低位修复震荡,成长,77,-0.015510416004943517,-0.005320081772647867,-0.010242954689584981,-0.015132814026727837,-0.2538907824431029,0.4675324675324675,-0.2580553525533442,-0.049241272447255735
历史阶段,低位修复震荡,红利,77,0.016107523369047305,-0.005320081772647867,0.02484452883816268,0.03206361952508874,0.4036065357245564,0.4675324675324675,-0.25238707864428533,-0.05746292880572035
历史阶段,低位修复震荡,低波,77,0.05278571308034219,-0.005320081772647867,0.05315440206889991,0.08770414374342339,1.0894400700502225,0.5324675324675324,-0.20528911917809844,-0.02987868184599929
历史阶段,低位修复震荡,质量,77,0.24738037061670592,-0.005320081772647867,0.22845781982726476,0.3982429862030117,1.8638729376521808,0.6623376623376623,-0.14657173319072725,-0.06884126125483381
历史阶段,低位修复震荡,规模,77,0.2044665920482951,-0.005320081772647867,0.19476878552139848,0.3276048081312757,1.793842399432116,0.6363636363636364,-0.1547618505569559,-0.07209542601482599
历史阶段,低位修复震荡,动量,77,-0.04010444274629754,-0.005320081772647867,-0.03361644143192434,-0.05134512467078256,-0.634107656792453,0.4805194805194805,-0.28360270962009493,-0.09228873230547585
历史阶段,供给侧与核心资产阶段,价值,104,0.31311125036817145,0.2246299339857074,0.07052047606852407,0.14972322095159085,1.3712735183779987,0.5384615384615384,-0.06621113367596054,-0.03052940632716361
历史阶段,供给侧与核心资产阶段,成长,104,0.26264557629343144,0.2246299339857074,0.03166923327733934,0.06304875060370985,1.0554670477230785,0.5,-0.07202091417899315,-0.03973661646598037
历史阶段,供给侧与核心资产阶段,红利,104,0.23066349391500984,0.2246299339857074,0.004317895966761354,0.009877960621342163,0.12693137640765023,0.5480769230769231,-0.06605423925457288,-0.076043405245239
历史阶段,供给侧与核心资产阶段,低波,104,0.24501092126665158,0.2246299339857074,0.015301990341244076,0.03356211161712963,0.35129665480298544,0.5384615384615384,-0.07237164863737833,-0.06417597359725535
历史阶段,供给侧与核心资产阶段,质量,104,0.07160046239512918,0.2246299339857074,-0.12316314191088952,-0.2343045911722066,-0.8720928133127385,0.4519230769230769,-0.16707394987041824,-0.3057383767166031
历史阶段,供给侧与核心资产阶段,规模,104,0.07620788925719757,0.2246299339857074,-0.12279830858371697,-0.22770610615149833,-1.0741065479340548,0.49038461538461536,-0.1348348322376549,-0.26680199823573436
历史阶段,供给侧与核心资产阶段,动量,104,0.2888512545337716,0.2246299339857074,0.05125102247998614,0.10763292162312177,0.9910987563908517,0.5673076923076923,-0.06854019662377075,-0.03634587349158713
历史阶段,刺激政策修复,价值,56,0.9023476120057774,1.0321263803583092,-0.06688527062276936,-0.06860375195015955,-1.0831438474132355,0.5,-0.25262622154979286,-0.08990642098003954
历史阶段,刺激政策修复,成长,56,1.2287613312393169,1.0321263803583092,0.10248900097575873,0.10458325270898006,2.1466469320642347,0.5357142857142857,-0.2515380085139869,-0.029803043722530176
历史阶段,刺激政策修复,红利,56,1.134902377046441,1.0321263803583092,0.06940257645575368,0.05457036154270978,0.6226753913922725,0.5357142857142857,-0.2690044792862847,-0.0887194880721992
历史阶段,刺激政策修复,低波,56,0.835194656962756,1.0321263803583092,-0.11514902234640972,-0.10396257937102882,-1.7342144435459557,0.4642857142857143,-0.20844529649424515,-0.12007576867670344
历史阶段,刺激政策修复,质量,56,1.630018277457833,1.0321263803583092,0.2764827428018564,0.32015236169241756,1.900454157560676,0.625,-0.206974170863911,-0.10961153262974654
历史阶段,刺激政策修复,规模,56,1.7388484781373812,1.0321263803583092,0.31793414565521655,0.3790748983077348,2.1870326199400463,0.625,-0.20079421176885293,-0.11181884773405548
历史阶段,刺激政策修复,动量,56,0.841892009768791,1.0321263803583092,-0.10333778672818539,-0.10044055175030275,-1.5131458131311475,0.5,-0.22972656365053057,-0.14014062583543763
历史阶段,去杠杆急跌,价值,33,-0.5281652726856162,-0.6072618137205186,0.14517476961454515,0.12349320833833555,0.9235908785890997,0.45454545454545453,-0.3561639054813428,-0.08234903221870282
历史阶段,去杠杆急跌,成长,33,-0.5602604248603803,-0.6072618137205186,0.09778414061960272,0.07437230955593077,1.5467245581269147,0.6060606060606061,-0.3825589079293775,-0.03300422377381074
历史阶段,去杠杆急跌,红利,33,-0.5944229735171875,-0.6072618137205186,0.06948404764509122,0.02062385397947364,0.5033925912465983,0.6060606060606061,-0.4236243302814725,-0.08005130229648805
历史阶段,去杠杆急跌,低波,33,-0.48286664074418206,-0.6072618137205186,0.24107437021826134,0.19079272557207494,2.507390992816365,0.6363636363636364,-0.31681913741196077,-0.04835153025798966
历史阶段,去杠杆急跌,质量,33,-0.6409494887699623,-0.6072618137205186,0.04740393091561063,-0.05532316458611142,0.14447044253452673,0.5757575757575758,-0.4836263607122222,-0.2121057728445085
历史阶段,去杠杆急跌,规模,33,-0.6684782679659407,-0.6072618137205186,-0.07116925774803383,-0.10195533263337841,-0.24526138915803825,0.5454545454545454,-0.4956687128441256,-0.1689112761628523
历史阶段,去杠杆急跌,动量,33,-0.6706329976846537,-0.6072618137205186,-0.10400744519269241,-0.10566390060386188,-0.6252371247775893,0.48484848484848486,-0.4749117717879492,-0.1214076261154875
历史阶段,地产压力与红利占优,价值,144,-0.056192227990088495,-0.15394694935304676,0.10951977578339972,0.35362873084239355,1.1051557185217373,0.5833333333333334,-0.24463071574190032,-0.11682805133867835
历史阶段,地产压力与红利占优,成长,144,-0.2533362363138314,-0.15394694935304676,-0.11773573663072563,-0.2925318938834989,-1.5630429112931583,0.4097222222222222,-0.5432349186509262,-0.305847977092348
历史阶段,地产压力与红利占优,红利,144,-0.02583076432571696,-0.15394694935304676,0.14292625447274834,0.47767481471111073,1.1511313630980267,0.5763888888888888,-0.18115579566604778,-0.10743906894953548
历史阶段,地产压力与红利占优,低波,144,-0.04575379309989558,-0.15394694935304676,0.1173350002017962,0.3954937083028296,1.7654673999025896,0.6041666666666666,-0.20314115413556133,-0.08284294037731954
历史阶段,地产压力与红利占优,质量,144,-0.09650348368385797,-0.15394694935304676,0.07207912568536855,0.1995077839584538,0.5149006488121063,0.5208333333333334,-0.2507734202926224,-0.15525419268372953
历史阶段,地产压力与红利占优,规模,144,-0.16484836290434368,-0.15394694935304676,-0.0069748437886081845,-0.035276239338882465,-0.0700285266151378,0.5138888888888888,-0.3905711583535506,-0.16874668386455738
历史阶段,地产压力与红利占优,动量,144,-0.1560588317420707,-0.15394694935304676,-0.0028511230205078377,-0.006897184652804422,-0.033103030179760934,0.5277777777777778,-0.37183377562080266,-0.10602372741733057
历史阶段,地产调控震荡期,价值,49,-0.13616165470311248,-0.02722164130841409,-0.1152368433824304,-0.10588284168089779,-1.4869162671155487,0.3877551020408163,-0.2969940205858309,-0.12118080073162263
历史阶段,地产调控震荡期,成长,49,-0.04160060663101062,-0.02722164130841409,-0.0099917513077163,-0.013934538232412863,-0.2585219250910292,0.5510204081632653,-0.30202066893818935,-0.03938967688111272
历史阶段,地产调控震荡期,红利,49,-0.06661446509714108,-0.02722164130841409,-0.03985865298611184,-0.038204133565164944,-1.0772827072987672,0.4897959183673469,-0.30403513317657593,-0.05542035872101658
历史阶段,地产调控震荡期,低波,49,-0.06825356393617743,-0.02722164130841409,-0.05021631939895164,-0.03979576215616676,-0.9859756698798932,0.46938775510204084,-0.2618140700323498,-0.08887326871983103
历史阶段,地产调控震荡期,质量,49,0.17624780861809852,-0.02722164130841409,0.19900426949645583,0.19598623492913303,1.2799159128782611,0.6938775510204082,-0.25844788109495664,-0.12372458999861935
历史阶段,地产调控震荡期,规模,49,0.21030147239711705,-0.02722164130841409,0.23045353531070792,0.22858677104174152,1.3896116184434955,0.673469387755102,-0.2569345318662859,-0.12955412663829347
历史阶段,地产调控震荡期,动量,49,0.108627016313253,-0.02722164130841409,0.13419316274224233,0.13108768856274944,1.4365581468821016,0.6326530612244898,-0.2769907211115099,-0.06581275863938918
历史阶段,政策修复反弹,价值,14,1.5051752858994791,2.153561035071223,-0.2368969138859347,-0.06008874154806865,-3.671070955087407,0.2857142857142857,-0.035057917703160246,-0.06758950654394591
历史阶段,政策修复反弹,成长,14,2.8839294862614056,2.153561035071223,0.2120029426480967,0.05768740663963179,3.1809903514168214,0.7142857142857143,-0.026679693887001754,-0.01899341666880483
历史阶段,政策修复反弹,红利,14,1.8756620830672985,2.153561035071223,-0.10175914324246067,-0.02453048228942356,-1.4315849710367516,0.35714285714285715,-0.011232958073486121,-0.05170754606579431
历史阶段,政策修复反弹,低波,14,1.5306706907005023,2.153561035071223,-0.22390708581904448,-0.05752291773661489,-3.573327098538707,0.35714285714285715,-0.03937156483151105,-0.05804563951573116
历史阶段,政策修复反弹,质量,14,1.8461093555714245,2.153561035071223,-0.10028790081507553,-0.027239647782307475,-0.6237012905713143,0.42857142857142855,-0.047131311514763685,-0.07250969090757431
历史阶段,政策修复反弹,规模,14,2.549125729802982,2.153561035071223,0.12750386115403936,0.0323262288057633,0.85512860331621,0.5714285714285714,-0.026114576380417587,-0.06012910434600682
历史阶段,政策修复反弹,动量,14,2.3082675672877273,2.153561035071223,0.049348994557327365,0.012977583461528885,0.7547074411149763,0.6428571428571429,-0.030983095555267237,-0.0347819494336532
历史阶段,政策转向修复观察,价值,91,0.1103331522650306,0.2834064358227413,-0.15353994891900516,-0.22392103011457232,-1.298441797616467,0.42857142857142855,-0.08771516270801993,-0.23319011759952357
历史阶段,政策转向修复观察,成长,91,0.4178205312501033,0.2834064358227413,0.11079477971757928,0.19041895741100845,1.5391608726717774,0.5824175824175825,-0.14267872615194332,-0.03956133398917838
历史阶段,政策转向修复观察,红利,91,0.08578009386829955,0.2834064358227413,-0.17571618658539265,-0.2537043515361591,-1.2069565909322761,0.4725274725274725,-0.07068295980341943,-0.25653501168558734
历史阶段,政策转向修复观察,低波,91,0.15476943426522438,0.2834064358227413,-0.11215462073636603,-0.16875438454825875,-1.0519403550742024,0.3956043956043956,-0.08046424307345512,-0.18143481777192827
历史阶段,政策转向修复观察,质量,91,0.27289780211760917,0.2834064358227413,-0.004705735068339173,-0.014285110676284352,-0.035159439271290976,0.4945054945054945,-0.12177417732721862,-0.12268738438851079
历史阶段,政策转向修复观察,规模,91,0.4520714188002275,0.2834064358227413,0.13709898347083804,0.24119948818421277,1.3084296404300257,0.5714285714285714,-0.1463007203925708,-0.06910739457759074
历史阶段,政策转向修复观察,动量,91,0.36728562787874064,0.2834064358227413,0.06273081384083204,0.11716240670326039,0.5678265975920723,0.5164835164835165,-0.09444940837641846,-0.09139568922904562
历史阶段,杠杆资金与成长牛市,价值,55,1.2884282744384437,1.3738477520711925,-0.03161211347000042,-0.03801956798023509,-0.37843599853982013,0.41818181818181815,-0.09105223422224518,-0.08782031902564602
历史阶段,杠杆资金与成长牛市,成长,55,1.113356763126013,1.3738477520711925,-0.12086483790194158,-0.1156836677677282,-2.235088924324161,0.38181818181818183,-0.051145547523643864,-0.12051419920615825
历史阶段,杠杆资金与成长牛市,红利,55,1.6300034463511075,1.3738477520711925,0.10312119736386227,0.11447662193472752,0.9868576670350973,0.6545454545454545,-0.06367780486732377,-0.0963814935147661
历史阶段,杠杆资金与成长牛市,低波,55,1.4540972878907934,1.3738477520711925,0.03497076639457012,0.035790510634774675,0.5664515034795241,0.5272727272727272,-0.07161345696556931,-0.042509218833538864
历史阶段,杠杆资金与成长牛市,质量,55,1.9347909203402858,1.3738477520711925,0.2181024184740619,0.2515239607879618,1.0344895506247744,0.6363636363636364,-0.057989099764363394,-0.27212897062983044
历史阶段,杠杆资金与成长牛市,规模,55,1.804809416012878,1.3738477520711925,0.1698805388239364,0.19297222139086245,0.8810921996538829,0.6363636363636364,-0.058740167746837546,-0.2604038881379145
历史阶段,杠杆资金与成长牛市,动量,55,1.2594651539240505,1.3738477520711925,-0.04585396189844669,-0.050892409176163333,-0.6264745323140544,0.5272727272727272,-0.08397029627367125,-0.0686920739753768
历史阶段,流动性与产业牛市,价值,89,0.06671685214520218,0.1979367615707499,-0.11824767510275641,-0.18009301564905367,-0.8934056190386104,0.3707865168539326,-0.1744557854177331,-0.1857176016122366
历史阶段,流动性与产业牛市,成长,89,0.2906544343541124,0.1979367615707499,0.08285213198876955,0.136090466184702,1.048910688651125,0.5730337078651685,-0.2207007581388436,-0.07799210531509726
历史阶段,流动性与产业牛市,红利,89,0.15489496401377267,0.1979367615707499,-0.04221126239104145,-0.060706646401176956,-0.25887761300729617,0.4044943820224719,-0.13523405292856105,-0.2590451190754052
历史阶段,流动性与产业牛市,低波,89,0.08384167970796752,0.1979367615707499,-0.10804797267056977,-0.15743625057786037,-1.2172322613248077,0.3595505617977528,-0.14585470917488852,-0.18405783361145045
历史阶段,流动性与产业牛市,质量,89,0.3706230836127289,0.1979367615707499,0.13908183600617216,0.2592091503436409,0.7815872422092215,0.5617977528089888,-0.0982028974952639,-0.18456337372818388
历史阶段,流动性与产业牛市,规模,89,0.2436979891728741,0.1979367615707499,0.03365650400355719,0.06626615834250771,0.26125808550377566,0.48314606741573035,-0.09114318009038047,-0.20930243227324075
历史阶段,流动性与产业牛市,动量,89,0.3160494256232058,0.1979367615707499,0.11036187575346221,0.17461714050366806,0.8816233887071818,0.6067415730337079,-0.2507406687036886,-0.13038715496852027
历史阶段,疫情前后震荡,价值,51,-0.16649152156633507,-0.096182191487998,-0.08321425522893738,-0.07635413463365037,-1.4948378923643593,0.35294117647058826,-0.17624586895274652,-0.1180074055305178
历史阶段,疫情前后震荡,成长,51,-0.029184484201125183,-0.096182191487998,0.07436979469446732,0.0726513587891573,1.3784054565795614,0.6274509803921569,-0.12159327109431417,-0.03324287245528201
历史阶段,疫情前后震荡,红利,51,-0.2194722520203668,-0.096182191487998,-0.14782172684536787,-0.13397125075382166,-2.7029774629504617,0.35294117647058826,-0.2087763544833776,-0.14154065223680845
历史阶段,疫情前后震荡,低波,51,-0.13153674762917622,-0.096182191487998,-0.04458534288713444,-0.03837928320205086,-0.8780391716484648,0.5098039215686274,-0.1380640759312174,-0.09909738787417632
历史阶段,疫情前后震荡,质量,51,-0.1653429719719155,-0.096182191487998,-0.06992409704684673,-0.0751058710455913,-0.6805675790784781,0.45098039215686275,-0.19327230780680205,-0.13343666529034204
历史阶段,疫情前后震荡,规模,51,-0.13948155012099173,-0.096182191487998,-0.041706187077025454,-0.04700788885491425,-0.4395796547461585,0.45098039215686275,-0.196986238617193,-0.11934108215962713
历史阶段,疫情前后震荡,动量,51,-0.04884983892764483,-0.096182191487998,0.05428613410550235,0.05133683348486584,0.746576269288317,0.5882352941176471,-0.1309042020495792,-0.0422976493336471
历史阶段,盈利下行熊市,价值,107,-0.17206009980714887,-0.21303820988340205,0.048412770768945915,0.11010017039591169,0.8518171671541164,0.5420560747663551,-0.32278916855369444,-0.04810479066379203
历史阶段,盈利下行熊市,成长,107,-0.18778134269189883,-0.21303820988340205,0.03195791882952488,0.06716145158293951,0.9502779154555783,0.5327102803738317,-0.3332443797227578,-0.04626138234794919
历史阶段,盈利下行熊市,红利,107,-0.20401354360495094,-0.21303820988340205,0.009884591596645141,0.02374020205508165,0.29127562649608146,0.5046728971962616,-0.36702510241553243,-0.053136793618831946
历史阶段,盈利下行熊市,低波,107,-0.18114109022999103,-0.21303820988340205,0.03460112301177716,0.08519146854300752,0.6953711206910337,0.5420560747663551,-0.33472537757063625,-0.06535783229830172
历史阶段,盈利下行熊市,质量,107,-0.2547979264412147,-0.21303820988340205,-0.045089958259575395,-0.10612933163050053,-0.3791879928012862,0.5700934579439252,-0.4399938945707508,-0.1797687170068727
历史阶段,盈利下行熊市,规模,107,-0.2746921319920198,-0.21303820988340205,-0.07067269547902774,-0.15453939961294516,-0.6201965894537342,0.48598130841121495,-0.46096372139527475,-0.18945019465108182
历史阶段,盈利下行熊市,动量,107,-0.2247829231839532,-0.21303820988340205,-0.012360421668021865,-0.030466944906071047,-0.1856291271852365,0.5233644859813084,-0.37310688728426633,-0.10764509322056703
历史阶段,股改后全面牛市,价值,132,1.1463006125946826,1.1009219465491262,0.022907332054904174,0.0557437685044706,0.32784909456808475,0.49242424242424243,-0.18571551520545515,-0.10167449680092033
历史阶段,股改后全面牛市,成长,132,1.1368032321323738,1.1009219465491262,0.016457565409059835,0.04392525689267113,0.22930427362641026,0.5303030303030303,-0.19483357777938293,-0.09852823333368665
历史阶段,股改后全面牛市,红利,132,1.1055220375003958,1.1009219465491262,0.012329461295572405,0.005567474434196917,0.11662383632396131,0.4621212121212121,-0.23069881644044488,-0.12584445350448759
历史阶段,股改后全面牛市,低波,132,1.0475578442284421,1.1009219465491262,-0.023671811496047936,-0.06322369885484469,-0.30581596087006746,0.4015151515151515,-0.17412619937641027,-0.15774251137937245
历史阶段,股改后全面牛市,质量,132,1.1928413322157585,1.1009219465491262,0.0665773885964021,0.11482964094367065,0.3815822496198888,0.5757575757575758,-0.21507415726370527,-0.2905278297307563
历史阶段,股改后全面牛市,规模,132,1.1880761375602162,1.1009219465491262,0.06364049566024318,0.10869023647928233,0.3610150624955277,0.5606060606060606,-0.20258964099463028,-0.31673731376624736
历史阶段,股改后全面牛市,动量,132,1.1807182038639752,1.1009219465491262,0.04268937597435976,0.09925071290676057,0.623335700326905,0.5454545454545454,-0.2176142902810373,-0.06927627071866271
历史阶段,贸易摩擦熊市,价值,49,-0.29787649619287815,-0.33314565136691876,0.05173339961608412,0.04976291016534207,0.6785656848832669,0.5510204081632653,-0.2645965566145746,-0.06983465397673971
历史阶段,贸易摩擦熊市,成长,49,-0.3433554317713273,-0.33314565136691876,-0.011908754567421465,-0.014433476676854795,-0.24361896784062,0.4489795918367347,-0.305917940303412,-0.04360738080668958
历史阶段,贸易摩擦熊市,红利,49,-0.2770561240725796,-0.33314565136691876,0.07709189340959002,0.07907124311217806,1.6110229284129456,0.4897959183673469,-0.26461196942937526,-0.019868893549396804
历史阶段,贸易摩擦熊市,低波,49,-0.30840661816603754,-0.33314565136691876,0.0317819506107694,0.034920900972810864,0.44610915397582734,0.4897959183673469,-0.2736397097503105,-0.04096027374030453
历史阶段,贸易摩擦熊市,质量,49,-0.3433209800677641,-0.33314565136691876,-0.00365980746884989,-0.014384750945310554,-0.022282840531160426,0.42857142857142855,-0.3467077271129049,-0.16435902093805332
历史阶段,贸易摩擦熊市,规模,49,-0.3644524711272744,-0.33314565136691876,-0.03892291497416668,-0.044299457355588934,-0.26872925709993384,0.46938775510204084,-0.3382731994968493,-0.16065794295497182
历史阶段,贸易摩擦熊市,动量,49,-0.3475688915307863,-0.33314565136691876,-0.015017653195990839,-0.02039377140180154,-0.16404048338244484,0.46938775510204084,-0.31757846706918014,-0.07013980472477466
历史阶段,金融危机熊市,价值,42,-0.7641440248984435,-0.7746938494602924,0.05278804470853673,0.03765251744247555,0.6599675169809417,0.6190476190476191,-0.6426284727954829,-0.04300361329105762
历史阶段,金融危机熊市,成长,42,-0.7995278338014407,-0.7746938494602924,-0.10808529383195084,-0.09001405903459847,-1.6187598459437889,0.35714285714285715,-0.6873387243850669,-0.0957766182082267
历史阶段,金融危机熊市,红利,42,-0.7823560999482875,-0.7746938494602924,-0.017261129769747363,-0.027559197959269977,-0.11922111036016879,0.5714285714285714,-0.6827339290256995,-0.11192251886395899
历史阶段,金融危机熊市,低波,42,-0.7186258366991118,-0.7746938494602924,0.19457397030506757,0.19660642079815882,2.969443674846637,0.6904761904761905,-0.6032776564458573,-0.027448248772691364
历史阶段,金融危机熊市,质量,42,-0.7755132421016803,-0.7746938494602924,0.04341333100180619,-0.0029384413127011566,0.18404881536647308,0.5714285714285714,-0.6876435094324969,-0.15018253117622005
历史阶段,金融危机熊市,规模,42,-0.7892939140344587,-0.7746938494602924,-0.014134942202609739,-0.05267410093252223,-0.059230308540849666,0.5714285714285714,-0.701222202227885,-0.18166720398804903
历史阶段,金融危机熊市,动量,42,-0.7766938146192834,-0.7746938494602924,-0.007117898349273424,-0.007175747777272368,-0.08901930981103559,0.47619047619047616,-0.6787013483398856,-0.11152473247384487
波动环境,中波动,价值,426,0.0721274377150507,0.13490476906498583,-0.05790315757503965,-0.37260158902103424,-0.7528747377861454,0.44835680751173707,-0.41004572300311226,-0.3788141031803134
波动环境,中波动,成长,426,0.16452854914121162,0.13490476906498583,0.028980078892211478,0.23503087089724772,0.5463863773253748,0.5211267605633803,-0.37279203662333604,-0.10724418048705686
波动环境,中波动,红利,426,0.10283133012900114,0.13490476906498583,-0.027981315618963647,-0.20931572474966087,-0.31670376732945066,0.45305164319248825,-0.396123478666197,-0.35212209691227137
波动环境,中波动,低波,426,0.09856015691858167,0.13490476906498583,-0.037143522009584325,-0.23405602900352473,-0.6036219090856654,0.4671361502347418,-0.3370056256002979,-0.24389396252478956
波动环境,中波动,质量,426,0.2259477871554365,0.13490476906498583,0.08505776140975353,0.8816773025911437,0.5749211608981256,0.5657276995305164,-0.35686536184583206,-0.27003780550151
波动环境,中波动,规模,426,0.20684657105208815,0.13490476906498583,0.06894369490466745,0.6545287521684642,0.5420285904285408,0.5446009389671361,-0.34381959452930044,-0.30000921517778223
波动环境,中波动,动量,426,0.16874477481836347,0.13490476906498583,0.03239389152268309,0.2721431579621534,0.4403537572044245,0.5492957746478874,-0.2960487027314871,-0.19679246511913207
波动环境,低波动,价值,321,0.11653029845350704,0.05804338978001766,0.05455726598169787,0.39394776902488493,0.5966438692854288,0.4984423676012461,-0.32547285689349836,-0.12571939451310066
波动环境,低波动,成长,321,0.02071833218261565,0.05804338978001766,-0.03167691171010064,-0.19884777885693028,-0.49534790960713826,0.48909657320872274,-0.5141200437121527,-0.29366420493958745
波动环境,低波动,红利,321,0.11308809167339162,0.05804338978001766,0.049083864645513585,0.3676297892916156,0.43911462106106913,0.5420560747663551,-0.15981160820124163,-0.16035144006534763
波动环境,低波动,低波,321,0.10380330537540106,0.05804338978001766,0.04006018810657095,0.2987089908785461,0.5898288433981028,0.5109034267912772,-0.26285477043092864,-0.10449854252679247
波动环境,低波动,质量,321,0.013590328890899395,0.05804338978001766,-0.03947366143437102,-0.23276651518881364,-0.271964019742187,0.49221183800623053,-0.33641620957319807,-0.5259262355559824
波动环境,低波动,规模,321,0.01735664847014351,0.05804338978001766,-0.036825932486732486,-0.21499765781657665,-0.3000459585182971,0.4953271028037383,-0.3389363455835298,-0.47033538819486587
波动环境,低波动,动量,321,0.11718779000784352,0.05804338978001766,0.05975177250403911,0.3990226911600614,0.6811219952970672,0.5700934579439252,-0.40040669592980394,-0.11993195996720374
波动环境,高波动,价值,321,0.0732708147789134,0.04774026819708799,0.019953222811646874,0.16022907059387448,0.20484322872640454,0.5171339563862928,-0.6971618740498758,-0.17093720924161815
波动环境,高波动,成长,321,0.0777414116349795,0.04774026819708799,0.031324080328303305,0.19038568430440517,0.4747990084871874,0.5109034267912772,-0.7469394517080338,-0.14506766505076718
波动环境,高波动,红利,321,0.05846680480316113,0.04774026819708799,0.020845687991131966,0.0648961695432575,0.17825073994939536,0.5389408099688473,-0.7131977583326546,-0.20183929885173102
波动环境,高波动,低波,321,0.10220938139364777,0.04774026819708799,0.03966002030383012,0.3673267467176964,0.4690181248333523,0.5358255451713395,-0.6426160649852894,-0.157742511379373
波动环境,高波动,质量,321,0.1491529240769789,0.04774026819708799,0.12845332036497947,0.7688447485355447,0.6560560975085242,0.5887850467289719,-0.700799894952236,-0.2905278297307563
波动环境,高波动,规模,321,0.11186476651968214,0.04774026819708799,0.09314533085047925,0.4429626561527409,0.5037669002368577,0.5919003115264797,-0.7157246650962804,-0.31673731376624725
波动环境,高波动,动量,321,-0.0034685356221926256,0.04774026819708799,-0.04183903570169447,-0.26606487543641044,-0.42064628459268993,0.49221183800623053,-0.763242701207569,-0.3261956321870175
利率方向,利率上行,价值,333,0.2277238044698453,0.23295073736099736,-0.0040400231424470275,-0.026839225438006764,-0.04997873079923482,0.5105105105105106,-0.42793710097764603,-0.2439896009511584
利率方向,利率上行,成长,333,0.24910730960052208,0.23295073736099736,0.014613252454546855,0.08694484463070529,0.2429724481541864,0.4984984984984985,-0.44536819121546944,-0.13128996320668151
利率方向,利率上行,红利,333,0.20331267717477486,0.23295073736099736,-0.01848092698458827,-0.1442851506441114,-0.20135280093131294,0.5105105105105106,-0.5033439437314495,-0.2788104122634668
利率方向,利率上行,低波,333,0.22073324480523482,0.23295073736099736,-0.014668374386245431,-0.06178219830122611,-0.202212365381034,0.4924924924924925,-0.36472113815425433,-0.21359588691329312
利率方向,利率上行,质量,333,0.1914345384162499,0.23295073736099736,-0.0173454147690897,-0.19695600880703068,-0.11194332383046379,0.5165165165165165,-0.43643621746101224,-0.5158059705969029
利率方向,利率上行,规模,333,0.15729847734341496,0.23295073736099736,-0.045722234836733294,-0.33335897808489734,-0.3127688803884355,0.4984984984984985,-0.4485691507833509,-0.5195584909444229
利率方向,利率上行,动量,333,0.26323445661432365,0.23295073736099736,0.027268382668909835,0.1681140784946078,0.34182706150661196,0.5465465465465466,-0.46030921918607093,-0.1909737631961712
利率方向,利率下行,价值,401,-0.017337342344145745,-0.056614280404062134,0.039012784560490094,0.3696547169769504,0.44266931907205087,0.4912718204488778,-0.6084148717546807,-0.23455059015615598
利率方向,利率下行,成长,401,-0.054678465528333775,-0.056614280404062134,0.0069626364345031465,0.015933364253053695,0.10850277090209205,0.5361596009975063,-0.6965973694483016,-0.24015862946107858
利率方向,利率下行,红利,401,-0.04279399265233774,-0.056614280404062134,0.015613763021627177,0.11868286085731006,0.1509080985842787,0.5037406483790524,-0.6299091844206173,-0.22407936398427908
利率方向,利率下行,低波,401,-0.025825214210082215,-0.056614280404062134,0.024879123092646213,0.2810242534001668,0.3868450777654461,0.513715710723192,-0.5963902308359452,-0.12095474510551629
利率方向,利率下行,质量,401,-0.0620590556134355,-0.056614280404062134,0.011547699455205212,-0.04365473829714206,0.06415209894350161,0.5386533665835411,-0.6259973228678208,-0.40716361175009796
利率方向,利率下行,规模,401,-0.07832077307406216,-0.056614280404062134,-0.009265450289208348,-0.16431960593111672,-0.05848293426000322,0.5286783042394015,-0.6670233819197675,-0.3809365214307242
利率方向,利率下行,动量,401,-0.045154105774146136,-0.056614280404062134,0.016722884944336915,0.09758764165807077,0.20462172372362278,0.5536159600997507,-0.6926801982034629,-0.19781064212711064
利率方向,利率震荡,价值,347,0.08364211039992986,0.12686286020323423,-0.041569780394794156,-0.22970601384805234,-0.4475766314434838,0.45244956772334294,-0.38655146174263344,-0.251265794352578
利率方向,利率震荡,成长,347,0.13649457247857644,0.12686286020323423,0.012059834721277477,0.05843866996664859,0.21655662018461225,0.48703170028818443,-0.3614402839928843,-0.11061275053536401
利率方向,利率震荡,红利,347,0.15589052438111328,0.12686286020323423,0.02784597167677898,0.1849728310467893,0.2404212721054889,0.49855907780979825,-0.34990323550059643,-0.20465065215002565
利率方向,利率震荡,低波,347,0.14458954643663202,0.12686286020323423,0.010578039051794604,0.109774781632062,0.13897299979099473,0.48703170028818443,-0.3167465571297008,-0.12338297503353901
利率方向,利率震荡,质量,347,0.3438189511507479,0.12686286020323423,0.18627710431225356,2.2380843959751884,1.2707592254210378,0.5936599423631124,-0.38169348870716613,-0.18569449730401655
利率方向,利率震荡,规模,347,0.3483190437933241,0.12686286020323423,0.18923716299645424,2.311134726022566,1.4971854274789498,0.6023054755043228,-0.36147053141195185,-0.15137109676361482
利率方向,利率震荡,动量,347,0.1309932899844708,0.12686286020323423,0.011732150769081722,0.024715420735098803,0.12222684730578348,0.5129682997118156,-0.4345062695485804,-0.20099660649187556
利率水平,中利率,价值,436,0.16884173428748772,0.2253226845910581,-0.050588017928673526,-0.3267764673243648,-0.5831470805400941,0.4334862385321101,-0.5357379901201609,-0.36291651946320713
利率水平,中利率,成长,436,0.2595365001202792,0.2253226845910581,0.030100436714412898,0.25974423237137434,0.5488832232500013,0.5481651376146789,-0.4292321891721931,-0.07691624363002103
利率水平,中利率,红利,436,0.19764199065943333,0.2253226845910581,-0.019078738670738615,-0.17435071242877376,-0.19769734117759621,0.46788990825688076,-0.4992626187523762,-0.32986635093614736
利率水平,中利率,低波,436,0.19628206472305476,0.2253226845910581,-0.030851354801543735,-0.18217863909108434,-0.47002727256469834,0.4518348623853211,-0.4464333968790667,-0.24392726768193773
利率水平,中利率,质量,436,0.3182818766161861,0.2253226845910581,0.08881170569431503,0.8461925917226474,0.5483290991537433,0.5573394495412844,-0.34551295442570196,-0.2634410901486749
利率水平,中利率,规模,436,0.33125114535315947,0.2253226845910581,0.0953651040609832,1.0041304247480656,0.6429161008933485,0.555045871559633,-0.3195165280184302,-0.25452391048069467
利率水平,中利率,动量,436,0.23759620782619617,0.2253226845910581,0.018435954416713647,0.0871582749789519,0.20656711082280815,0.5458715596330275,-0.4142501818931935,-0.19884433624959397
利率水平,低利率,价值,329,-0.004458258828494377,-0.004026518590309891,-0.0035969932067572426,-0.002739465942517838,-0.03566555594680498,0.49544072948328266,-0.299261184235879,-0.24525061276637683
利率水平,低利率,成长,329,-0.011671707885889893,-0.004026518590309891,6.0105334360049875e-05,-0.047584066967686134,0.0008617575890736178,0.5045592705167173,-0.5653573372971026,-0.3230067940483269
利率水平,低利率,红利,329,0.010269834678320544,-0.004026518590309891,0.013001209638555196,0.09436246767602996,0.10418702642094466,0.5288753799392097,-0.2730717175662989,-0.2977850994164096
利率水平,低利率,低波,329,0.014475979462274635,-0.004026518590309891,0.01333613198359113,0.12351113286357007,0.16819207997976435,0.5045592705167173,-0.2315210826007058,-0.18143481777192838
利率水平,低利率,质量,329,0.06447469193588518,-0.004026518590309891,0.07685955887794792,0.5232437461078954,0.5274765825471791,0.5319148936170213,-0.30091292105467815,-0.16921679983221838
利率水平,低利率,规模,329,0.03590390775215235,-0.004026518590309891,0.04962094370742008,0.28236397435611504,0.4596208096210879,0.5379939209726444,-0.4089677152268353,-0.16874668386455816
利率水平,低利率,动量,329,0.0335829204917395,-0.004026518590309891,0.03682486474095457,0.26429364374720254,0.41307992983040165,0.5501519756838906,-0.42424948071729596,-0.1526347161257251
利率水平,高利率,价值,328,0.07867528879308838,0.012262296056821054,0.06658021007352058,0.49306117711361663,0.941262535056785,0.5365853658536586,-0.6771267702364689,-0.06905246534521403
利率水平,高利率,成长,328,0.00892150809159764,0.012262296056821054,-0.0032855778334218385,-0.0206359252778201,-0.05807488622713983,0.4573170731707317,-0.7123053118615086,-0.19556933188980086
利率水平,高利率,红利,328,0.049768682605338066,0.012262296056821054,0.042407550179980144,0.2579547449559536,0.47835758308657605,0.5274390243902439,-0.6455544708521502,-0.11792114318419977
利率水平,高利率,低波,328,0.07343806056737767,0.012262296056821054,0.05393357425549754,0.44792071932801236,0.80529314197906,0.5579268292682927,-0.5856808467331576,-0.15774251137937256
利率水平,高利率,质量,328,0.001064552532248797,0.012262296056821054,0.007727766771937563,-0.06776011410647842,0.043404612085214664,0.5609756097560976,-0.6194524385306444,-0.45581268620824467
利率水平,高利率,规模,328,-0.028439246946347474,0.012262296056821054,-0.02171996943553866,-0.2280709564213067,-0.12626960060403813,0.5335365853658537,-0.6385884829824009,-0.46635903558329284
利率水平,高利率,动量,328,0.004032568053078167,0.012262296056821054,-0.0021958449186423893,-0.05018814175636499,-0.028478912410986726,0.5121951219512195,-0.7167476291386952,-0.22642198099555888
